title,author,price,isbn,cover_image_url,description,publication_year
Cambridge English Flyers 1 for Revised Exam from 2018 Student's Book,Cambridge University,123000,9781108446556,https://cdn1.fahasa.com/media/catalog/product/i/m/img_7743.jpg,,2018
Empower Starter A1 Student's Book With Digital Pack - 2nd Edition,"Adrian Doff, Craig Thaine, Herbert Puchta, Jeff Stranks, Peter Lewis-Jones",405000,9781009358736,https://cdn1.fahasa.com/media/catalog/product/9/7/9781009358736.jpg,,2022
English Vocabulary in Use: Pre-Intermediate and Intermediate Book with Answers Fahasa Reprint Edition: Vocabulary Reference and Practice (Kèm CD),Stuart Redman,183000,9781108430470,https://cdn1.fahasa.com/media/catalog/product/i/m/img_7596.jpg,"Vocabulary explanations and practice for pre-intermediate level (B1) learners of English. Perfect for both self-study and classroom activities. Quickly expand your vocabulary with over 100 units of easy to understand explanations and practice exercises. Be confident about what you are learning, thanks to Cambridge research into how English is really spoken and written, and get better at studying by yourself, with units on learning vocabulary, personalised practice and an easy to use answer key.",2017
American English File: Level 1: Students Book With Online Practice - 3rd Edition,"Christina de la Mare, Clive Oxenden, Jerry Lambert",253000,9780194906166,https://cdn1.fahasa.com/media/catalog/product/i/m/image_195509_1_31752.jpg,,2021
A2 Flyers 4 Authentic Practice Tests: Student's Book Without Answers With Audio - FAHASA Reprint Edition,Cambridge English,150000,9781009282055,https://cdn1.fahasa.com/media/catalog/product/9/7/9781009282055.jpg,,2022
Cambridge English Flyers 2 for Revised Exam From 2018 Student's Book,Cambridge University Press,123000,9781108464833,https://cdn1.fahasa.com/media/catalog/product/n/e/new_doc_2018-05-17_17.08.11_1.jpg,Cambridge University Cambridge English Flyers 2 for Revised Exam From 2018 Student's Book,2018
Oxford Advanced Learner's Dictionary: Paperback - 10th Edition (With 1 Year's Access To Both Premium Online And App),"Diana Lea, Jennifer Bradbery",627000,9780194798488,https://cdn1.fahasa.com/media/catalog/product/9/7/9780194798488-dd.jpg,,2020
Empower B1 Pre-Intermediate - Workbook With Answers (2nd Edition),Peter Anderson,405650,9781108961462,https://cdn1.fahasa.com/media/catalog/product/9/7/9781108961462.jpg,,2022
English World 4 Pupil's Book With eBook,Macmillan Education,268000,9781035117215,https://cdn1.fahasa.com/media/catalog/product/9/7/9781035117215.jpg,"English World is a stunningly visual ten-level course which will take children through from primary to secondary. Written by the authors of best-sellers Way Ahead and Macmillan English, English World combines best practice methodology with innovative new features for the modern classroom.",2018
Voices Pre-Intermediate A2/B1: Student's Book BRE,"Emily Bryson, Christien Lee",336000,9780357458655,https://cdn1.fahasa.com/media/catalog/product/9/7/9780357458655.jpg,,2021
Combo Complete IELTS B2: Student's Book + Workbook (with answer & Audio CD),Mark Harrison,369000,,https://cdn1.fahasa.com/media/catalog/product/c/o/combo-9781107695962-9781107675452.jpg,1. Complete IELTS B2 Student's Book with answer & CD-Rom,2012
Babel,R. F Kuang,423000,9780063021426,https://cdn1.fahasa.com/media/catalog/product/a/1/a1lv97-jjol._sl1500_1.jpg,,2022
B1 Preliminary 1 For The Revised 2020 Exam Student's Book With Answers With Audio With Resource Bank: Authentic Practice Tests (PET Practice Tests),CAMBRIDGE UNIVERSITY PRESS,234650,9781108919159,https://cdn1.fahasa.com/media/catalog/product/9/7/9781108919159.jpg,,2019
The Alchemist 25th Anniversary: A Fable About Following Your Dream,Paulo Coelho,243000,9780062355300,https://cdn1.fahasa.com/media/catalog/product/i/m/image_129754.jpg,,2014
English Vocabulary in Use: Elementary Book with Answers Fahasa Reprint Edition: Vocabulary Reference and Practice (CD-ROM),Michael McCarthy,127000,9781108430432,https://cdn1.fahasa.com/media/catalog/product/i/m/img_7566.jpg,"The world's best-selling grammar series for learners of English. English Grammar in Use Fourth edition is an updated version of the world's best-selling grammar title. It has a fresh, appealing new design and clear layout, with revised and updated examples, but retains all the key features of clarity and accessibility that have made the book popular with millions of learners and teachers around the world. This 'with answers' version is ideal for self-study. An online version, book without answers, and book with answers and CD-ROM are available separately.",2017
Complete IELTS B1 Student's Book with answer with CD-ROM,Mark Harrison,265000,9781107665774,https://cdn1.fahasa.com/media/catalog/product/9/7/9781107665774b.jpg,,2012
Empower Pre-Intermediate & B1 Student's Book With Digital Pack - 2nd Edition,"Adrian Doff, Craig Thaine, Herbert Puchta, Jeff Stranks, Peter Lewis-Jones, Graham Burton",437000,9781009410748,https://cdn1.fahasa.com/media/catalog/product/9/7/9781009410748bia.jpg,The Pre-intermediate Student's Book with Digital Pack gives learners an immediate sense of purpose and clear learning objectives.,
English Grammar In Use With Answer And Interactive E-book,Raymond Murphy,356000,9781009826464,https://cdn1.fahasa.com/media/catalog/product/9/7/9781009826464.jpg,,2025
Complete IELTS B2 Workbook with answer & Audio CD,Mark Harrison,104000,9781107675452,https://cdn1.fahasa.com/media/catalog/product/i/m/image_195509_1_22276.jpg,,2012
Oxford Picture Dictionary Third Edition: English - Vietnamese Edition,Oxford,390000,9780194505321,https://cdn1.fahasa.com/media/catalog/product/i/m/image_193948.jpg,"Illustrations present over 4,000 English words and phrases within meaningful, real-life contexts 11 new and expanded topics including Job Search, Career Planning, and Digital Literacy prepare students to meet the requirements of their daily lives Updated activities prepare students for work, academic study, and citizenship Oxford 3000™ vocabulary ensures students learn the most useful and important words",2016
The Official Cambridge Guide To IELTS Student's Book With Answers,Cambridge English,421000,9781009672368,https://cdn1.fahasa.com/media/catalog/product/9/7/9781009672368.jpg,,2025
Complete IELTS B2 Student's Book with answer & CD-Rom,Mark Harrison,265000,9781107695962,https://cdn1.fahasa.com/media/catalog/product/i/m/image_195509_1_22278.jpg,,2012
English Grammar in Use Book w Ans,Raymond Murphy,188000,9781108430425,https://cdn1.fahasa.com/media/catalog/product/9/7/9781108430425.jpg,"The world's best-selling grammar series for learners of English. English Grammar in Use Fourth edition is an updated version of the world's best-selling grammar title. It has a fresh, appealing new design and clear layout, with revised and updated examples, but retains all the key features of clarity and accessibility that have made the book popular with millions of learners and teachers around the world. This 'with answers' version is ideal for self-study.",2017
Essential Grammar in Use Book with Answers Fahasa Reprint Edition: A Self-Study Reference and Practice Book for Elementary Learners of English,Raymond Murphy,169000,9781108430494,https://cdn1.fahasa.com/media/catalog/product/i/m/img_7479.jpg,"Essential Grammar in Use is a self-study reference and practice book for elementary-level learners (A1-B1), used by millions of people around the world. With clear examples, easy-to-follow exercises and answer key, the Fourth edition is perfect for independent study, covering all the areas of grammar that you will need at this level. The book has an easy-to-use format of two-page units with clear explanations of grammar points on the left-hand page, and practice exercises on the right. It also includes plenty of additional exercises and a Study Guide to help you find the grammar units you need to study.",2017
